
<?xml-stylesheet type="text/xsl" href="books.xsl"?>
<!DOCTYPE bookstore [
  <!ELEMENT bookstore (book+)>
  <!ELEMENT book (title, author, year, price)>
  <!ELEMENT title (#PCDATA)>
  <!ELEMENT author (#PCDATA)>
  <!ELEMENT year (#PCDATA)>
  <!ELEMENT price (#PCDATA)>
  <!ATTLIST book isbn CDATA #REQUIRED>
]>
<bookstore>
  <book isbn="978-0451529589">
    <title>Pride and Prejudice</title>
    <author>Jane Austen</author>
    <year>1813</year>
    <price>7.99</price>
  </book>
  <book isbn="978-0061120084">
    <title>To Kill a Mockingbird</title>
    <author>Harper Lee</author>
    <year>1960</year>
    <price>9.99</price>
  </book>
</bookstore>